"data_type";"substance_id";"treatment_id";"treatment_name";"removal_percent";"reference_id";"DOI";"Year";"table_graphic_no";"treatment_description"
"literature";"pfoa";"wwtt";"Combination of primary and secondary wastewater treatment";27;"M. M. Schultz, Environ. Sci. Technol. 2006, 40, 7350-7357";"10.1021/es061025m";"2006";"Table 1";"Study conducting on a municipal WWT in USA, serving 50 thousand people. Raw sewage is passed trough a a screen to remove solids. Wastewater then flows to  the primary clarifier where solids are removed as primary  sludge. Primary effluent enters the trickling filters that are followed by activated sludge aeration basins.After activated sludge treatment, the  wastewater passes to the secondary clarifier after which it is chlorinated and dechlorinated before being discharging into  a river.  "
"literature";"pfoa";"wwtt";"Combination of primary and secondary wastewater treatment";-97;"E. Sinclair et al., Environ. Sci. Technol, 2006, 5, 50";"10.1021/es051798v";"2006";"SI";"Wastewater samples for plants A and B in New York City, taken from rwwt entering the plant, after primary clarification, and from water leaving the plant following activated sludge treatment"
"literature";"pfoa";"wwtt";"Combination of primary and secondary wastewater treatment";-51;"E. Sinclair et al., Environ. Sci. Technol, 2006, 5, 61";"10.1021/es051798v";"2006";"SI";"Wastewater samples for plants A and B in New York City, taken from rwwt entering the plant, after primary clarification, and from water leaving the plant following activated sludge treatment-primary clarifiers"
"literature";"pfoa";"wwtt";"Combination of primary and secondary wastewater treatment";81;"M. M. Schultz, Environ. Sci. Technol. 2006, 40, 289-295";"10.1021/es051381p";"2006";"Table 3";"Raw influent and final effluent collected over 24h from 10 WWTPs nationwide."
"literature";"pfoa";"wwtt";"Combination of primary and secondary wastewater treatment";-75;"M. M. Schultz, Environ. Sci. Technol. 2006, 40, 289-295";"10.1021/es051381p";"2006";"Table 3";"Raw influent and final effluent collected over 24h from 10 WWTPs nationwide."
"literature";"pfoa";"wwtt";"Combination of primary and secondary wastewater treatment";11;"M. M. Schultz, Environ. Sci. Technol. 2006, 40, 289-295";"10.1021/es051381p";"2006";"Table 3";"Raw influent and final effluent collected over 24h from 10 WWTPs nationwide."
"literature";"pfoa";"wwtt";"Combination of primary and secondary wastewater treatment";-9;"M. M. Schultz, Environ. Sci. Technol. 2006, 40, 289-295";"10.1021/es051381p";"2006";"Table 3";"Raw influent and final effluent collected over 24h from 10 WWTPs nationwide."
"literature";"pfoa";"wwtt";"Combination of primary and secondary wastewater treatment";-206;"M. M. Schultz, Environ. Sci. Technol. 2006, 40, 289-295";"10.1021/es051381p";"2006";"Table 3";"Raw influent and final effluent collected over 24h from 10 WWTPs nationwide."
"literature";"pfoa";"wwtt";"Combination of primary and secondary wastewater treatment";-100;"M. M. Schultz, Environ. Sci. Technol. 2006, 40, 289-295";"10.1021/es051381p";"2006";"Table 3";"Raw influent and final effluent collected over 24h from 10 WWTPs nationwide."
"literature";"pfoa";"wwtt";"Combination of primary and secondary wastewater treatment";-41;"M. M. Schultz, Environ. Sci. Technol. 2006, 40, 289-295";"10.1021/es051381p";"2006";"Table 3";"Raw influent and final effluent collected over 24h from 10 WWTPs nationwide."
"literature";"pfoa";"wwtt";"Combination of primary and secondary wastewater treatment";15;"M. M. Schultz, Environ. Sci. Technol. 2006, 40, 289-295";"10.1021/es051381p";"2006";"Table 3";"Raw influent and final effluent collected over 24h from 10 WWTPs nationwide."
"literature";"pfoa";"wwtt";"Combination of primary and secondary wastewater treatment";-33;"M. M. Schultz, Environ. Sci. Technol. 2006, 40, 289-295";"10.1021/es051381p";"2006";"Table 3";"Raw influent and final effluent collected over 24h from 10 WWTPs nationwide."
"literature";"pfoa";"wwtt";"Combination of primary and secondary wastewater treatment";-471;"C.A. Huset et al., Environ. Sci. Technol. 2008, 42, 6369-6377";"10.1021/es703062f";"2008";"Table 2";"Samples collected from 7 WWTPs in the Glatt Valley Watershed, Switzerland_nitrification and additional filtration"
"literature";"pfoa";"wwtt";"Combination of primary and secondary wastewater treatment";-233;"C.A. Huset et al., Environ. Sci. Technol. 2008, 42, 6369-6377";"10.1021/es703062f";"2008";"Table 2";"Samples collected from 7 WWTPs in the Glatt Valley Watershed, Switzerland_nitrification and additional filtration"
"literature";"pfoa";"wwtt";"Combination of primary and secondary wastewater treatment";0;"C.A. Huset et al., Environ. Sci. Technol. 2008, 42, 6369-6377";"10.1021/es703062f";"2008";"Table 2";"Samples collected from 7 WWTPs in the Glatt Valley Watershed, Switzerland_nitrification included"
"literature";"pfoa";"wwtt";"Combination of primary and secondary wastewater treatment";-8;"C.A. Huset et al., Environ. Sci. Technol. 2008, 42, 6369-6377";"10.1021/es703062f";"2008";"Table 2";"Samples collected from 7 WWTPs in the Glatt Valley Watershed, Switzerland_nitrification and additional filtration"
"literature";"pfoa";"wwtt";"Combination of primary and secondary wastewater treatment";-35;"C.A. Huset et al., Environ. Sci. Technol. 2008, 42, 6369-6377";"10.1021/es703062f";"2008";"Table 2";"Samples collected from 7 WWTPs in the Glatt Valley Watershed, Switzerland_nitrification included"
"literature";"pfoa";"wwtt";"Combination of primary and secondary wastewater treatment";-200;"C.A. Huset et al., Environ. Sci. Technol. 2008, 42, 6369-6377";"10.1021/es703062f";"2008";"Table 2";"Samples collected from 7 WWTPs in the Glatt Valley Watershed, Switzerland_nitrification and additional filtration"
"literature";"pfoa";"wwtt";"Combination of primary and secondary wastewater treatment";-44;"C.A. Huset et al., Environ. Sci. Technol. 2008, 42, 6369-6377";"10.1021/es703062f";"2008";"Table 2";"Samples collected from 7 WWTPs in the Glatt Valley Watershed, Switzerland_nitrification included"
"literature";"pfoa";"wwtt";"Combination of primary and secondary wastewater treatment";34;"R. Bossi et al, Environment International 34 (2008) 443-450 ";"10.1016/j.envint.2007.10.002";"2008";"Table 3";"Raw influent and final effluent water was collected from 6 municpal WWTPs in Denmark_nitrification included"
"literature";"pfoa";"wwtt";"Combination of primary and secondary wastewater treatment";-16;"R. Bossi et al, Environment International 34 (2008) 443-450 ";"10.1016/j.envint.2007.10.002";"2008";"Table 3";"Raw influent and final effluent water was collected from 6 municpal WWTPs in Denmark_nitrification included"
"literature";"pfoa";"wwtt";"Combination of primary and secondary wastewater treatment";-1850;"R. Bossi et al, Environment International 34 (2008) 443-450 ";"10.1016/j.envint.2007.10.002";"2008";"Table 3";"Raw influent and final effluent water was collected from 6 municpal WWTPs in Denmark_nitrification included"
"literature";"pfoa";"wwtt";"Combination of primary and secondary wastewater treatment";-171;"R. Bossi et al, Environment International 34 (2008) 443-450 ";"10.1016/j.envint.2007.10.002";"2008";"Table 3";"Raw influent and final effluent water was collected from 6 municpal WWTPs in Denmark_nitrification included"
"literature";"pfoa";"wwtt";"Combination of primary and secondary wastewater treatment";-119;"R. Guo et al.,water research 44 (2010) 3476e3486 ";"10.1016/j.watres.2010.03.028";"2010";"Table 3";"In this study, 10 PFCs were analyzed in influent and effluent wastewater and sludge samples in 15 municipal, 4 livestock and 3 industrial WWTPs in Korea_conventional activated sludge process and chlorination"
"literature";"pfoa";"wwtt";"Combination of primary and secondary wastewater treatment";-6;"R. Guo et al.,water research 44 (2010) 3476e3486 ";"10.1016/j.watres.2010.03.028";"2010";"Table 3";"In this study, 10 PFCs were analyzed in influent and effluent wastewater and sludge samples in 15 municipal, 4 livestock and 3 industrial WWTPs in Korea_conventional activated sludge process and chlorination"
"literature";"pfoa";"wwtt";"Combination of primary and secondary wastewater treatment";-15;"R. Guo et al.,water research 44 (2010) 3476e3486 ";"10.1016/j.watres.2010.03.028";"2010";"Table 3";"In this study, 10 PFCs were analyzed in influent and effluent wastewater and sludge samples in 15 municipal, 4 livestock and 3 industrial WWTPs in Korea_conventional activated sludge process and chlorination"
"literature";"pfoa";"wwtt";"Combination of primary and secondary wastewater treatment";-67;"R. Guo et al.,water research 44 (2010) 3476e3486 ";"10.1016/j.watres.2010.03.028";"2010";"Table 3";"In this study, 10 PFCs were analyzed in influent and effluent wastewater and sludge samples in 15 municipal, 4 livestock and 3 industrial WWTPs in Korea_conventional activated sludge process and chlorination"
"literature";"pfoa";"wwtt";"Combination of primary and secondary wastewater treatment";77;"R. Guo et al.,water research 44 (2010) 3476e3486 ";"10.1016/j.watres.2010.03.028";"2010";"Table 3";"In this study, 10 PFCs were analyzed in influent and effluent wastewater and sludge samples in 15 municipal, 4 livestock and 3 industrial WWTPs in Korea_conventional activated sludge process and chlorination"
"literature";"pfoa";"wwtt";"Combination of primary and secondary wastewater treatment";-32;"R. Guo et al.,water research 44 (2010) 3476e3486 ";"10.1016/j.watres.2010.03.028";"2010";"Table 3";"In this study, 10 PFCs were analyzed in influent and effluent wastewater and sludge samples in 15 municipal, 4 livestock and 3 industrial WWTPs in Korea_conventional activated sludge process and chlorination"
"literature";"pfoa";"wwtt";"Combination of primary and secondary wastewater treatment";-66;"R. Guo et al.,water research 44 (2010) 3476e3486 ";"10.1016/j.watres.2010.03.028";"2010";"Table 3";"In this study, 10 PFCs were analyzed in influent and effluent wastewater and sludge samples in 15 municipal, 4 livestock and 3 industrial WWTPs in Korea_conventional activated sludge process and chlorination"
"literature";"pfoa";"wwtt";"Combination of primary and secondary wastewater treatment";21;"R. Guo et al.,water research 44 (2010) 3476e3486 ";"10.1016/j.watres.2010.03.028";"2010";"Table 3";"In this study, 10 PFCs were analyzed in influent and effluent wastewater and sludge samples in 15 municipal, 4 livestock and 3 industrial WWTPs in Korea_conventional activated sludge process and chlorination"
"literature";"pfoa";"wwtt";"Combination of primary and secondary wastewater treatment";48;"R. Guo et al.,water research 44 (2010) 3476e3486 ";"10.1016/j.watres.2010.03.028";"2010";"Table 3";"In this study, 10 PFCs were analyzed in influent and effluent wastewater and sludge samples in 15 municipal, 4 livestock and 3 industrial WWTPs in Korea_conventional activated sludge process and chlorination"
"literature";"pfoa";"wwtt";"Combination of primary and secondary wastewater treatment";-132;"R. Guo et al.,water research 44 (2010) 3476e3486 ";"10.1016/j.watres.2010.03.028";"2010";"Table 3";"In this study, 10 PFCs were analyzed in influent and effluent wastewater and sludge samples in 15 municipal, 4 livestock and 3 industrial WWTPs in Korea_conventional activated sludge process and chlorination"
"literature";"pfoa";"wwtt";"Combination of primary and secondary wastewater treatment";-32;"R. Guo et al.,water research 44 (2010) 3476e3486 ";"10.1016/j.watres.2010.03.028";"2010";"Table 3";"In this study, 10 PFCs were analyzed in influent and effluent wastewater and sludge samples in 15 municipal, 4 livestock and 3 industrial WWTPs in Korea_conventional activated sludge process and chlorination"
"literature";"pfoa";"wwtt";"Combination of primary and secondary wastewater treatment";-11;"R. Guo et al.,water research 44 (2010) 3476e3486 ";"10.1016/j.watres.2010.03.028";"2010";"Table 3";"In this study, 10 PFCs were analyzed in influent and effluent wastewater and sludge samples in 15 municipal, 4 livestock and 3 industrial WWTPs in Korea_conventional activated sludge process and chlorination"
"literature";"pfoa";"wwtt";"Combination of primary and secondary wastewater treatment";-35;"R. Guo et al.,water research 44 (2010) 3476e3486 ";"10.1016/j.watres.2010.03.028";"2010";"Table 3";"In this study, 10 PFCs were analyzed in influent and effluent wastewater and sludge samples in 15 municipal, 4 livestock and 3 industrial WWTPs in Korea_conventional activated sludge process and chlorination"
"literature";"pfoa";"wwtt";"Combination of primary and secondary wastewater treatment";-18;"R. Guo et al.,water research 44 (2010) 3476e3486 ";"10.1016/j.watres.2010.03.028";"2010";"Table 3";"In this study, 10 PFCs were analyzed in influent and effluent wastewater and sludge samples in 15 municipal, 4 livestock and 3 industrial WWTPs in Korea_conventional activated sludge process and chlorination"
"literature";"pfoa";"wwtt";"Combination of primary and secondary wastewater treatment";-48;"R. Guo et al.,water research 44 (2010) 3476e3486 ";"10.1016/j.watres.2010.03.028";"2010";"Table 3";"In this study, 10 PFCs were analyzed in influent and effluent wastewater and sludge samples in 15 municipal, 4 livestock and 3 industrial WWTPs in Korea_conventional activated sludge process and chlorination"
"literature";"pfoa";"wwtt";"Combination of primary and secondary wastewater treatment";-22;"H. Sun et al., water research 45 (2011) 4483e4490";"10.1016/j.watres.2011.05.036";"2011";"Table 3";"12 PFAS were investigated in 4 municpal WWTPs in Shenyang (China)_conventional activated sludge process"
"literature";"pfoa";"wwtt";"Combination of primary and secondary wastewater treatment";19;"H. Sun et al., water research 45 (2011) 4483e4490";"10.1016/j.watres.2011.05.036";"2011";"Table 3";"17 PFAS were investigated in 4 municpal WWTPs in Shenyang (China)_conventional activated sludge process"
"literature";"pfoa";"wwtt";"Combination of primary and secondary wastewater treatment";42;"H. Sun et al., water research 45 (2011) 4483e4490";"10.1016/j.watres.2011.05.036";"2011";"Table 3";"21 PFAS were investigated in 4 municpal WWTPs in Shenyang (China)_conventional activated sludge process"
"literature";"pfoa";"wwtt";"Combination of primary and secondary wastewater treatment";30;"H. Sun et al., water research 45 (2011) 4483e4490";"10.1016/j.watres.2011.05.036";"2011";"Table 3";"25 PFAS were investigated in 4 municpal WWTPs in Shenyang (China)_conventional activated sludge process"
"literature";"pfoa";"wwtt";"Combination of primary and secondary wastewater treatment";-156;"C. Kunacheva et al., Chemosphere 83 (2011) 737-744";"10.1016/j.chemosphere.2011.02.059";"2011";"Table 3";"This study focused on the occurance of PFAS mass flows in the industrial WWTPs. The survay was conducted in central WWTPs in two industrial zones in Thailand_conventional activated sludge process"
"literature";"pfoa";"wwtt";"Combination of primary and secondary wastewater treatment";7;"S. K. Kim et al., Journal of Hazardous Materials 82 (2012) 91, 201";"10.1016/j.jhazmat.2011.11.036";"2012";"SI";"The discharge of PFAS was investigated for 15 WWTPs in Korea."
"literature";"pfoa";"wwtt";"Combination of primary and secondary wastewater treatment";0;"S. K. Kim et al., Journal of Hazardous Materials 82 (2012) 91, 201";"10.1016/j.jhazmat.2011.11.036";"2012";"SI";"The discharge of PFAS was investigated for 15 WWTPs in Korea."
"literature";"pfoa";"wwtt";"Combination of primary and secondary wastewater treatment";-100;"S. K. Kim et al., Journal of Hazardous Materials 82 (2012) 91, 201";"10.1016/j.jhazmat.2011.11.036";"2012";"SI";"The discharge of PFAS was investigated for 15 WWTPs in Korea."
"literature";"pfoa";"wwtt";"Combination of primary and secondary wastewater treatment";-28;"O.S.Arvaniti, Journal of Hazardous Materials 239-240 (2012), 24-31";"10.1016/j.jhazmat.2012.02.015";"2012";"Table2";"Monitoring of 8 PFAS in Greek WWTPs"
"literature";"pfoa";"wwtt";"Combination of primary and secondary wastewater treatment";-71;"O.S.Arvaniti, Journal of Hazardous Materials 239-240 (2012), 24-31";"10.1016/j.jhazmat.2012.02.015";"2012";"Table2";"Monitoring of 8 PFAS in Greek WWTPs"
"literature";"pfoa";"wwtt";"Combination of primary and secondary wastewater treatment";-73;"W. Zhang et al., Environmental Pollution 176 (2013) 10e27";"10.1016/j.envpol.2012.12.019";"2013";"SI";"Monitoring of PFAS in 28 municipal WWTPs"
"literature";"pfoa";"wwtt";"Combination of primary and secondary wastewater treatment";-60;"W. Zhang et al., Environmental Pollution 176 (2013) 10e43";"10.1016/j.envpol.2012.12.019";"2013";"SI";"Monitoring of PFAS in 28 municipal WWTPs"
"literature";"pfoa";"wwtt";"Combination of primary and secondary wastewater treatment";-34;"W. Zhang et al., Environmental Pollution 176 (2013) 10e59";"10.1016/j.envpol.2012.12.019";"2013";"SI";"Monitoring of PFAS in 28 municipal WWTPs"
"literature";"pfoa";"wwtt";"Combination of primary and secondary wastewater treatment";-37;"W. Zhang et al., Environmental Pollution 176 (2013) 10e75";"10.1016/j.envpol.2012.12.019";"2013";"SI";"Monitoring of PFAS in 28 municipal WWTPs"
"literature";"pfoa";"wwtt";"Combination of primary and secondary wastewater treatment";4;"W. Zhang et al., Environmental Pollution 176 (2013) 10e91";"10.1016/j.envpol.2012.12.019";"2013";"SI";"Monitoring of PFAS in 28 municipal WWTPs"
"literature";"pfoa";"wwtt";"Combination of primary and secondary wastewater treatment";-332;"W. Zhang et al., Environmental Pollution 176 (2013) 10e107";"10.1016/j.envpol.2012.12.019";"2013";"SI";"Monitoring of PFAS in 28 municipal WWTPs"
"literature";"pfoa";"wwtt";"Combination of primary and secondary wastewater treatment";-73;"W. Zhang et al., Environmental Pollution 176 (2013) 10e123";"10.1016/j.envpol.2012.12.019";"2013";"SI";"Monitoring of PFAS in 28 municipal WWTPs"
"literature";"pfoa";"wwtt";"Combination of primary and secondary wastewater treatment";-60;"W. Zhang et al., Environmental Pollution 176 (2013) 10e139";"10.1016/j.envpol.2012.12.019";"2013";"SI";"Monitoring of PFAS in 28 municipal WWTPs"
"literature";"pfoa";"wwtt";"Combination of primary and secondary wastewater treatment";-34;"W. Zhang et al., Environmental Pollution 176 (2013) 10e155";"10.1016/j.envpol.2012.12.019";"2013";"SI";"Monitoring of PFAS in 28 municipal WWTPs"
"literature";"pfoa";"wwtt";"Combination of primary and secondary wastewater treatment";-37;"W. Zhang et al., Environmental Pollution 176 (2013) 10e171";"10.1016/j.envpol.2012.12.019";"2013";"SI";"Monitoring of PFAS in 28 municipal WWTPs"
"literature";"pfoa";"wwtt";"Combination of primary and secondary wastewater treatment";4;"W. Zhang et al., Environmental Pollution 176 (2013) 10e187";"10.1016/j.envpol.2012.12.019";"2013";"SI";"Monitoring of PFAS in 28 municipal WWTPs"
"literature";"pfoa";"wwtt";"Combination of primary and secondary wastewater treatment";-332;"W. Zhang et al., Environmental Pollution 176 (2013) 10e203";"10.1016/j.envpol.2012.12.019";"2013";"SI";"Monitoring of PFAS in 28 municipal WWTPs"
"literature";"pfoa";"wwtt";"Combination of primary and secondary wastewater treatment";-18;"W. Zhang et al., Environmental Pollution 176 (2013) 10e219";"10.1016/j.envpol.2012.12.019";"2013";"SI";"Monitoring of PFAS in 28 municipal WWTPs"
"literature";"pfoa";"wwtt";"Combination of primary and secondary wastewater treatment";-16;"W. Zhang et al., Environmental Pollution 176 (2013) 10e235";"10.1016/j.envpol.2012.12.019";"2013";"SI";"Monitoring of PFAS in 28 municipal WWTPs"
"literature";"pfoa";"wwtt";"Combination of primary and secondary wastewater treatment";47;"W. Zhang et al., Environmental Pollution 176 (2013) 10e251";"10.1016/j.envpol.2012.12.019";"2013";"SI";"Monitoring of PFAS in 28 municipal WWTPs"
"literature";"pfoa";"wwtt";"Combination of primary and secondary wastewater treatment";-53;"W. Zhang et al., Environmental Pollution 176 (2013) 10e267";"10.1016/j.envpol.2012.12.019";"2013";"SI";"Monitoring of PFAS in 28 municipal WWTPs"
"literature";"pfoa";"wwtt";"Combination of primary and secondary wastewater treatment";0;"W. Zhang et al., Environmental Pollution 176 (2013) 10e283";"10.1016/j.envpol.2012.12.019";"2013";"SI";"Monitoring of PFAS in 28 municipal WWTPs"
"literature";"pfoa";"wwtt";"Combination of primary and secondary wastewater treatment";-141;"W. Zhang et al., Environmental Pollution 176 (2013) 10e299";"10.1016/j.envpol.2012.12.019";"2013";"SI";"Monitoring of PFAS in 28 municipal WWTPs"
"literature";"pfoa";"wwtt";"Combination of primary and secondary wastewater treatment";-20;"W. Zhang et al., Environmental Pollution 176 (2013) 10e315";"10.1016/j.envpol.2012.12.019";"2013";"SI";"Monitoring of PFAS in 28 municipal WWTPs"
"literature";"pfoa";"wwtt";"Combination of primary and secondary wastewater treatment";-20;"W. Zhang et al., Environmental Pollution 176 (2013) 10e331";"10.1016/j.envpol.2012.12.019";"2013";"SI";"Monitoring of PFAS in 28 municipal WWTPs"
"literature";"pfoa";"wwtt";"Combination of primary and secondary wastewater treatment";-74;"W. Zhang et al., Environmental Pollution 176 (2013) 10e347";"10.1016/j.envpol.2012.12.019";"2013";"SI";"Monitoring of PFAS in 28 municipal WWTPs"
"literature";"pfoa";"wwtt";"Combination of primary and secondary wastewater treatment";6;"W. Zhang et al., Environmental Pollution 176 (2013) 10e363";"10.1016/j.envpol.2012.12.019";"2013";"SI";"Monitoring of PFAS in 28 municipal WWTPs"
"literature";"pfoa";"wwtt";"Combination of primary and secondary wastewater treatment";-25;"W. Zhang et al., Environmental Pollution 176 (2013) 10e379";"10.1016/j.envpol.2012.12.019";"2013";"SI";"Monitoring of PFAS in 28 municipal WWTPs"
"literature";"pfoa";"wwtt";"Combination of primary and secondary wastewater treatment";-3;"W. Zhang et al., Environmental Pollution 176 (2013) 10e395";"10.1016/j.envpol.2012.12.019";"2013";"SI";"Monitoring of PFAS in 28 municipal WWTPs"
"literature";"pfoa";"wwtt";"Combination of primary and secondary wastewater treatment";12;"W. Zhang et al., Environmental Pollution 176 (2013) 10e411";"10.1016/j.envpol.2012.12.019";"2013";"SI";"Monitoring of PFAS in 28 municipal WWTPs"
"literature";"pfoa";"wwtt";"Combination of primary and secondary wastewater treatment";25;"W. Zhang et al., Environmental Pollution 176 (2013) 10e427";"10.1016/j.envpol.2012.12.019";"2013";"SI";"Monitoring of PFAS in 28 municipal WWTPs"
"literature";"pfoa";"wwtt";"Combination of primary and secondary wastewater treatment";-94;"W. Zhang et al., Environmental Pollution 176 (2013) 10e443";"10.1016/j.envpol.2012.12.019";"2013";"SI";"Monitoring of PFAS in 28 municipal WWTPs"
"literature";"pfoa";"wwtt";"Combination of primary and secondary wastewater treatment";-25;"W. Zhang et al., Environmental Pollution 176 (2013) 10e459";"10.1016/j.envpol.2012.12.019";"2013";"SI";"Monitoring of PFAS in 28 municipal WWTPs"
"literature";"pfoa";"wwtt";"Combination of primary and secondary wastewater treatment";-55;"W. Zhang et al., Environmental Pollution 176 (2013) 10e475";"10.1016/j.envpol.2012.12.019";"2013";"SI";"Monitoring of PFAS in 28 municipal WWTPs"
"literature";"pfoa";"wwtt";"Combination of primary and secondary wastewater treatment";-10;"W. Zhang et al., Environmental Pollution 176 (2013) 10e491";"10.1016/j.envpol.2012.12.019";"2013";"SI";"Monitoring of PFAS in 28 municipal WWTPs"
"literature";"pfoa";"wwtt";"Combination of primary and secondary wastewater treatment";-54;"W. Zhang et al., Environmental Pollution 176 (2013) 10e507";"10.1016/j.envpol.2012.12.019";"2013";"SI";"Monitoring of PFAS in 28 municipal WWTPs"
"literature";"pfoa";"wwtt";"Combination of primary and secondary wastewater treatment";-158;"W. Zhang et al., Environmental Pollution 176 (2013) 10e523";"10.1016/j.envpol.2012.12.019";"2013";"SI";"Monitoring of PFAS in 28 municipal WWTPs"
"literature";"pfoa";"wwtt";"Combination of primary and secondary wastewater treatment";11;"P. Guerra et al.,Journal of Hazardous Materials 272 (2014) 148-154 ";"10.1016/j.jhazmat.2014.03.016";"2014";"Table1";"Fate and behaviour of PFAS in water samples for 5 WWTPs during winter"
"literature";"pfoa";"wwtt";"Combination of primary and secondary wastewater treatment";13;"P. Guerra et al.,Journal of Hazardous Materials 272 (2014) 148-154 ";"10.1016/j.jhazmat.2014.03.016";"2014";"Table1";"Fate and behaviour of PFAS in water samples for 5 WWTPs during winter"
"literature";"pfoa";"wwtt";"Combination of primary and secondary wastewater treatment";11;"P. Guerra et al.,Journal of Hazardous Materials 272 (2014) 148-154 ";"10.1016/j.jhazmat.2014.03.016";"2014";"Table1";"Fate and behaviour of PFAS in water samples for 5 WWTPs during winter"
"literature";"pfoa";"wwtt";"Combination of primary and secondary wastewater treatment";1;"M. Filipovic et al., Chemosphere 129 (2015) 74–80";"10.1016/j.chemosphere.2014.07.082";"2015";"Table1";"Influent and effluent concentration for PFAS in 3 Swedish WWTPs"
"literature";"pfoa";"wwtt";"Combination of primary and secondary wastewater treatment";37;"M. Filipovic et al., Chemosphere 129 (2015) 74–80";"10.1016/j.chemosphere.2014.07.082";"2015";"Table1";"Influent and effluent concentration for PFAS in 3 Swedish WWTPs"
"literature";"pfoa";"wwtt";"Combination of primary and secondary wastewater treatment";-44;"M. Filipovic et al., Chemosphere 129 (2015) 74–80";"10.1016/j.chemosphere.2014.07.082";"2015";"Table1";"Influent and effluent concentration for PFAS in 3 Swedish WWTPs"
"literature";"pfoa";"wwtt";"Combination of primary and secondary wastewater treatment";-358;"C. Gallen et al., Chemosphere 208 (2018) 975e983";"10.1016/j.chemosphere.2018.06.024";"2018";"Table1";"Influent, effluent and biosolids samples from 14 Australian WWTPs across Australia for 9PFASs Loads ranged from 0.98 to 440 ng/L (influent), 21e560 ng/L (effluent) and 5.2e150 ng/g (biosolids)."
"literature";"pfoa";"wwtt";"Combination of primary and secondary wastewater treatment";10;"L. Gobelius et al., Chemosphere 336 (2023) 139182";"10.1016/j.chemosphere.2023.139182";"2023";"Table S7 SI";"Swedish Municipal WWTP: PFAS were not efficiently removed (10% of RE for each PFAS)"
"literature";"pfoa";"wwco";"Tertiary wastewater treatment: coagulation and filtration";-4;"G. A. Zoumpouli et al., Science of The Total Environment 887 (2023) 163982";"10.1016/j.scitotenv.2023.163982";"2023";"Fig.4";"Coagulation tests involved 2 coagulants and 5 DOM: Ferric chloride (14 mg/L)"
"literature";"pfoa";"wwco";"Tertiary wastewater treatment: coagulation and filtration";-9;"G. A. Zoumpouli et al., Science of The Total Environment 887 (2023) 163982";"10.1016/j.scitotenv.2023.163982";"2023";"Fig.4";"Coagulation tests involved 2 coagulants and 5 DOM: Aluminium sulphate (4 mg/L)"
"literature";"pfoa";"dwac";"Drinking water treatment: granular activated carbon";-2;"C.-G. Pan et al., Water Research 106 (2016) 562e570";"10.1016/j.watres.2016.10.045";"2016";"Table2";"Sampling campaigns for 2 DWTPs between 2014 and 2015"
"literature";"pfoa";"dwrf";"Drinking water treatment: rapid filtration";-25;"C.-G. Pan et al., Water Research 106 (2016) 562e570";"10.1016/j.watres.2016.10.045";"2016";"Table2";"Sampling campaigns for 2 DWTPs between 2014 and 2015"
"literature";"pfoa";"dwac";"Drinking water treatment: granular activated carbon";30;"C.-G. Pan et al., Water Research 106 (2016) 562e570";"10.1016/j.watres.2016.10.045";"2016";"Table2";"Sampling campaigns for 2 DWTPs between 2014 and 2015"
"literature";"pfoa";"dwac";"Drinking water treatment: granular activated carbon";95;"C.-G. Pan et al., Water Research 106 (2016) 562e570";"10.1016/j.watres.2016.10.045";"2016";"Table2";"Sampling campaigns for 2 DWTPs between 2014 and 2015_powered activated carbon"
"literature";"pfoa";"dwac";"Drinking water treatment: granular activated carbon";73;"N. Belkouteb et al., Water Research 182 (2020) 115913";"10.1016/j.watres.2020.115913";"2020";"SI";"The treatment efficiency for the removal of 15 PFASs was examinated in a full-scale drinking water treatement plant. The DWTP contains five treatment steps: aeration, softening, dual media, filtration, GAC filtration and disinfection with free chlorine. "
"literature";"pfoa";"dwac";"Drinking water treatment: granular activated carbon";100;"N. Belkouteb et al., Water Research 182 (2020) 115913";"10.1016/j.watres.2020.115913";"2020";"SI";"The treatment efficiency for the removal of 15 PFASs was examinated in a full-scale drinking water treatement plant. The DWTP contains five treatment steps: aeration, softening, dual media, filtration, GAC filtration and disinfection with free chlorine. "
"literature";"pfoa";"dwac";"Drinking water treatment: granular activated carbon";71;"N. Belkouteb et al., Water Research 182 (2020) 115913";"10.1016/j.watres.2020.115913";"2020";"SI";"The treatment efficiency for the removal of 15 PFASs was examinated in a full-scale drinking water treatement plant. The DWTP contains five treatment steps: aeration, softening, dual media, filtration, GAC filtration and disinfection with free chlorine. "
"literature";"pfoa";"dwac";"Drinking water treatment: granular activated carbon";93;"N. Belkouteb et al., Water Research 182 (2020) 115913";"10.1016/j.watres.2020.115913";"2020";"SI";"The treatment efficiency for the removal of 15 PFASs was examinated in a full-scale drinking water treatement plant. The DWTP contains five treatment steps: aeration, softening, dual media, filtration, GAC filtration and disinfection with free chlorine. "
"literature";"pfoa";"dwac";"Drinking water treatment: granular activated carbon";46;"N. Belkouteb et al., Water Research 182 (2020) 115913";"10.1016/j.watres.2020.115913";"2020";"SI";"The treatment efficiency for the removal of 15 PFASs was examinated in a full-scale drinking water treatement plant. The DWTP contains five treatment steps: aeration, softening, dual media, filtration, GAC filtration and disinfection with free chlorine. "
"literature";"pfoa";"dwac";"Drinking water treatment: granular activated carbon";94;"N. Belkouteb et al., Water Research 182 (2020) 115913";"10.1016/j.watres.2020.115913";"2020";"SI";"The treatment efficiency for the removal of 15 PFASs was examinated in a full-scale drinking water treatement plant. The DWTP contains five treatment steps: aeration, softening, dual media, filtration, GAC filtration and disinfection with free chlorine. "
"literature";"pfoa";"dwac";"Drinking water treatment: granular activated carbon";73;"N. Belkouteb et al., Water Research 182 (2020) 115913";"10.1016/j.watres.2020.115913";"2020";"SI";"The treatment efficiency for the removal of 15 PFASs was examinated in a full-scale drinking water treatement plant. The DWTP contains five treatment steps: aeration, softening, dual media, filtration, GAC filtration and disinfection with free chlorine. "
"literature";"pfoa";"dwac";"Drinking water treatment: granular activated carbon";87;"Y.Nakazawa et al., Water Research 245 (2023) 120566";"10.1016/j.watres.2023.120559";"2023";"SI";"This study investigated the ability of GAC/PAC processes in 23 DWTPs to remove per- and polyfluoroalkyl substances (PFASs)."
"literature";"pfoa";"dwac";"Drinking water treatment: granular activated carbon";18;"Y.Nakazawa et al., Water Research 245 (2023) 120574";"10.1016/j.watres.2023.120559";"2023";"SI";"This study investigated the ability of GAC/PAC processes in 23 DWTPs to remove per- and polyfluoroalkyl substances (PFASs)."
"literature";"pfoa";"dwac";"Drinking water treatment: granular activated carbon";48;"Y.Nakazawa et al., Water Research 245 (2023) 120583";"10.1016/j.watres.2023.120559";"2023";"SI";"This study investigated the ability of GAC/PAC processes in 23 DWTPs to remove per- and polyfluoroalkyl substances (PFASs)."
"literature";"pfoa";"dwac";"Drinking water treatment: granular activated carbon";6;"Y.Nakazawa et al., Water Research 245 (2023) 120591";"10.1016/j.watres.2023.120559";"2023";"SI";"This study investigated the ability of GAC/PAC processes in 23 DWTPs to remove per- and polyfluoroalkyl substances (PFASs)."
"literature";"pfoa";"dwac";"Drinking water treatment: granular activated carbon";5;"Y.Nakazawa et al., Water Research 245 (2023) 120597";"10.1016/j.watres.2023.120559";"2023";"SI";"This study investigated the ability of GAC/PAC processes in 23 DWTPs to remove per- and polyfluoroalkyl substances (PFASs)."
"literature";"pfoa";"dwac";"Drinking water treatment: granular activated carbon";12;"Y.Nakazawa et al., Water Research 245 (2023) 120603";"10.1016/j.watres.2023.120559";"2023";"SI";"This study investigated the ability of GAC/PAC processes in 23 DWTPs to remove per- and polyfluoroalkyl substances (PFASs)."
"literature";"pfoa";"dwac";"Drinking water treatment: granular activated carbon";0;"Y.Nakazawa et al., Water Research 245 (2023) 120606";"10.1016/j.watres.2023.120559";"2023";"SI";"This study investigated the ability of GAC/PAC processes in 23 DWTPs to remove per- and polyfluoroalkyl substances (PFASs)."
"literature";"pfoa";"dwac";"Drinking water treatment: granular activated carbon";11;"Y.Nakazawa et al., Water Research 245 (2023) 120610";"10.1016/j.watres.2023.120559";"2023";"SI";"This study investigated the ability of GAC/PAC processes in 23 DWTPs to remove per- and polyfluoroalkyl substances (PFASs)."
"literature";"pfoa";"dwac";"Drinking water treatment: granular activated carbon";7;"Y.Nakazawa et al., Water Research 245 (2023) 120613";"10.1016/j.watres.2023.120559";"2023";"SI";"This study investigated the ability of GAC/PAC processes in 23 DWTPs to remove per- and polyfluoroalkyl substances (PFASs)."
"literature";"pfoa";"dwac";"Drinking water treatment: granular activated carbon";83;"C. Eschauzier et al., Environ. Sci. Technol.46 (2012) 1708?1715";"10.1021/es201662b ";"2012";"SI";"Concentration monitored before and after filtration with young gac."
"literature";"pfoa";"dwac";"Drinking water treatment: granular activated carbon";100;"C. Eschauzier et al., Environ. Sci. Technol.46 (2012) 1708?1715";"10.1021/es201662b ";"2012";"SI";"Concentration monitored before and after filtration with old gac."
"literature";"pfoa";"dwrf";"Drinking water treatment: rapid filtration";36;"Y.-Q. Wang et al., Environment International 163 (2022) 107219";"10.1016/j.envint.2022.107219";"2022";"TableS4 SI";"Target and non target screening of PFAS removal in drinking water"
"literature";"pfoa";"dwrf";"Drinking water treatment: rapid filtration";33;"Y.-Q. Wang et al., Environment International 163 (2022) 107219";"10.1016/j.envint.2022.107219";"2022";"TableS4 SI";"Target and non target screening of PFAS removal in drinking water"
"literature";"pfoa";"dwac";"Drinking water treatment: granular activated carbon";-17;"L. Li et al.,Water Environ Res. 96 (2024) 10990";"10.1002/wer.10990";"2024";"Table3";"The study evaluated the removal efficacy of PFAS from  sub-reclamation facility for indirect potable reuse_biological activated carbon"
"literature";"pfoa";"dwac";"Drinking water treatment: granular activated carbon";-90;"L. Li et al.,Water Environ Res. 96 (2024) 10990";"10.1002/wer.10990";"2024";"Table3";"The study evaluated the removal efficacy of PFAS from  sub-reclamation facility for indirect potable reuse"
"literature";"pfoa";"dwac";"Drinking water treatment: granular activated carbon";86;"S. Sukeesan, Remediation 33(2023) 297-308";"10.1002/rem.21766";"2023";"Deduced";"This research aimed to evaluate and compare the efficacy of the adsorption of PFAS from water using different adsorbents: granular activated carbon (GAC), IRA 910 (strong anion resin), and DOWEX MB-50 (mixed exchange resin). The rate removal can be calculated considerig the adsorbet dosage (0.01 g/L) - GAC"
"literature";"pfoa";"dwac";"Drinking water treatment: granular activated carbon";57;"D.M. Kempisty et al., AWWA Wat Sci. (2022) e1269. ";"10.1002/aws2.1269";"2022";"Fig.1 (a)";"Removal % of PFOA in  batch studies trough Norit 1240, TOC=2,7 mg/L,_ 2-h sampling period"
"literature";"pfoa";"dwac";"Drinking water treatment: granular activated carbon";32;"D.M. Kempisty et al., AWWA Wat Sci. (2022) e1269. ";"10.1002/aws2.1269";"2022";"Fig.1 (a)";"Removal % of PFOA in  batch studies trough Calgon F 600, TOC=2,7 mg/L_ 2-h sampling period"
"literature";"pfoa";"dwac";"Drinking water treatment: granular activated carbon";100;"D.M. Kempisty et al., AWWA Wat Sci. (2022) e1269. ";"10.1002/aws2.1269";"2022";"Fig.1 (a)";"Removal % of PFOA in  batch studies trough Norit 1240, TOC=2,7 mg/L_ 2-h sampling period"
"literature";"pfoa";"dwac";"Drinking water treatment: granular activated carbon";100;"D.M. Kempisty et al., AWWA Wat Sci. (2022) e1269. ";"10.1002/aws2.1269";"2022";"Fig.1 (a)";"Removal % of PFOA in  batch studies trough Calgon F 600, TOC=2,7 mg/L_ 2-h sampling period"
"literature";"pfoa";"dwac";"Drinking water treatment: granular activated carbon";100;"H.S. Choe et al., Environ. Eng. Res. 27 (2022) 200509";"10.4491/eer.2020.509";"2020";"Fig.4";"Removal rates for different processes and experimental conditions. T=5C, GAC"
"literature";"pfoa";"dwac";"Drinking water treatment: granular activated carbon";100;"H.S. Choe et al., Environ. Eng. Res. 27 (2022) 200509";"10.4491/eer.2020.509";"2020";"Fig.4";"Removal rates for different processes and experimental conditions. T=5C, GAC"
"literature";"pfoa";"dwac";"Drinking water treatment: granular activated carbon";100;"H.S. Choe et al., Environ. Eng. Res. 27 (2022) 200509";"10.4491/eer.2020.509";"2020";"Fig.5";"Removal rates for different processes and experimental conditions.pH=3, GAC"
"literature";"pfoa";"dwac";"Drinking water treatment: granular activated carbon";100;"H.S. Choe et al., Environ. Eng. Res. 27 (2022) 200509";"10.4491/eer.2020.509";"2020";"Fig.5";"Removal rates for different processes and experimental conditions.pH=7, GAC"
"literature";"pfoa";"dwac";"Drinking water treatment: granular activated carbon";100;"H.S. Choe et al., Environ. Eng. Res. 27 (2022) 200509";"10.4491/eer.2020.509";"2020";"Fig.5";"Removal rates for different processes and experimental conditions.pH=11, GAC"
"literature";"pfoa";"dwac";"Drinking water treatment: granular activated carbon";20;"J.Yuan et al., Science of the Total Environment 838 (2022) 156406";"10.1016/j.scitotenv.2022.156406";"2022";"Abstract";"Removal after a long period (6 years)"
"literature";"pfoa";"dwac";"Drinking water treatment: granular activated carbon";38;"J.Yuan et al., Science of the Total Environment 838 (2022) 156406";"10.1016/j.scitotenv.2022.156406";"2022";"Fig.1";"GAC was harvested from six filter-adsorbers evaluated for three drinking water treatment plants in Ontario, Canada. Removal Efficiency assessed using minicolumn tests _unsterilized GACs_1y old"
"literature";"pfoa";"dwac";"Drinking water treatment: granular activated carbon";19;"J.Yuan et al., Science of the Total Environment 838 (2022) 156406";"10.1016/j.scitotenv.2022.156406";"2022";"Fig.1";"GAC was harvested from six filter-adsorbers evaluated for three drinking water treatment plants in Ontario, Canada. Removal Efficiency assessed using minicolumn tests _unsterilized GACs_3ys old"
"literature";"pfoa";"dwac";"Drinking water treatment: granular activated carbon";22;"J.Yuan et al., Science of the Total Environment 838 (2022) 156406";"10.1016/j.scitotenv.2022.156406";"2022";"Fig.1";"GAC was harvested from six filter-adsorbers evaluated for three drinking water treatment plants in Ontario, Canada. Removal Efficiency assessed using minicolumn tests _unsterilized GACs-5ys old"
"literature";"pfoa";"dwac";"Drinking water treatment: granular activated carbon";23;"J.Yuan et al., Science of the Total Environment 838 (2022) 156406";"10.1016/j.scitotenv.2022.156406";"2022";"Fig.1";"GAC was harvested from six filter-adsorbers evaluated for three drinking water treatment plants in Ontario, Canada. Removal Efficiency assessed using minicolumn tests _unsterilized GACs-6ys old"
"literature";"pfoa";"dwac";"Drinking water treatment: granular activated carbon";-11;"J.Yuan et al., Science of the Total Environment 838 (2022) 156406";"10.1016/j.scitotenv.2022.156406";"2022";"Fig.1";"GAC was harvested from six filter-adsorbers evaluated for three drinking water treatment plants in Ontario, Canada. Removal Efficiency assessed using minicolumn tests _unsterilized GACs_9ys old"
"literature";"pfoa";"dwac";"Drinking water treatment: granular activated carbon";27;"J.Yuan et al., Science of the Total Environment 838 (2022) 156406";"10.1016/j.scitotenv.2022.156406";"2022";"Fig.1";"GAC was harvested from six filter-adsorbers evaluated for three drinking water treatment plants in Ontario, Canada. Removal Efficiency assessed using minicolumn tests _unsterilized GACs_18 ys old"
"literature";"pfoa";"dwac";"Drinking water treatment: granular activated carbon";44;"J.Yuan et al., Science of the Total Environment 838 (2022) 156406";"10.1016/j.scitotenv.2022.156406";"2022";"Fig.1";"GAC was harvested from six filter-adsorbers evaluated for three drinking water treatment plants in Ontario, Canada. Removal Efficiency assessed using minicolumn tests_irradiated GACs_1 ys old"
"literature";"pfoa";"dwac";"Drinking water treatment: granular activated carbon";24;"J.Yuan et al., Science of the Total Environment 838 (2022) 156406";"10.1016/j.scitotenv.2022.156406";"2022";"Fig.1";"GAC was harvested from six filter-adsorbers evaluated for three drinking water treatment plants in Ontario, Canada. Removal Efficiency assessed using minicolumn tests_irradiated GACs_3ys old"
"literature";"pfoa";"dwac";"Drinking water treatment: granular activated carbon";19;"J.Yuan et al., Science of the Total Environment 838 (2022) 156406";"10.1016/j.scitotenv.2022.156406";"2022";"Fig.1";"GAC was harvested from six filter-adsorbers evaluated for three drinking water treatment plants in Ontario, Canada. Removal Efficiency assessed using minicolumn tests_irradiated GACs_5ys old"
"literature";"pfoa";"dwac";"Drinking water treatment: granular activated carbon";23;"J.Yuan et al., Science of the Total Environment 838 (2022) 156406";"10.1016/j.scitotenv.2022.156406";"2022";"Fig.1";"GAC was harvested from six filter-adsorbers evaluated for three drinking water treatment plants in Ontario, Canada. Removal Efficiency assessed using minicolumn tests_irradiated GACs_6ys old"
"literature";"pfoa";"dwac";"Drinking water treatment: granular activated carbon";7;"J.Yuan et al., Science of the Total Environment 838 (2022) 156406";"10.1016/j.scitotenv.2022.156406";"2022";"Fig.1";"GAC was harvested from six filter-adsorbers evaluated for three drinking water treatment plants in Ontario, Canada. Removal Efficiency assessed using minicolumn tests_irradiated GACs_9ys old"
"literature";"pfoa";"dwac";"Drinking water treatment: granular activated carbon";31;"J.Yuan et al., Science of the Total Environment 838 (2022) 156406";"10.1016/j.scitotenv.2022.156406";"2022";"Fig.1";"GAC was harvested from six filter-adsorbers evaluated for three drinking water treatment plants in Ontario, Canada. Removal Efficiency assessed using minicolumn tests_irradiated GACs_18ys old"
"literature";"pfoa";"dwac";"Drinking water treatment: granular activated carbon";-11;"Y. Sun et al., Chemosphere 210 (2018) 539e549";"10.1016/j.chemosphere.2018.06.162";"2022";"Fig.5";"PFAS removal efficiency in spent GAC treatment trains without ozonation "
"literature";"pfoa";"dwac";"Drinking water treatment: granular activated carbon";5;"Y. Sun et al., Chemosphere 210 (2018) 539e549";"10.1016/j.chemosphere.2018.06.162";"2022";"Fig.5";"PFAS removal efficiency in spent GAC treatment trains with ozonation "
"literature";"pfoa";"dwac";"Drinking water treatment: granular activated carbon";40;"Y. Sun et al., Chemosphere 210 (2018) 539e549";"10.1016/j.chemosphere.2018.06.162";"2022";"Fig.5";"PFAS removal efficiency in regenerated GAC treatment trains without ozonation "
"literature";"pfoa";"dwac";"Drinking water treatment: granular activated carbon";68;"Y. Sun et al., Chemosphere 210 (2018) 539e549";"10.1016/j.chemosphere.2018.06.162";"2022";"Fig.5";"PFAS removal efficiency in regenerated GAC treatment trains with ozonation "
"literature";"pfoa";"dwac";"Drinking water treatment: granular activated carbon";100;"P. McCleaf et al.,  Water Res. 1 (2017), 120, 77-87";"10.1016/j.watres.2017.04.057 ";"2017";"Figure S1";"BVT = 1700 EBCT: 6.9 DOC= 1,8 mg/L"
"literature";"pfoa";"dwac";"Drinking water treatment: granular activated carbon";86;"P. McCleaf et al.,  Water Res. 1 (2017), 120, 77-87";"10.1016/j.watres.2017.04.057 ";"2017";"Figure S1";"BVT = 10200 EBCT: 6.9 DOC= 1,8 mg/L"
"literature";"pfoa";"dwac";"Drinking water treatment: granular activated carbon";61;"P. McCleaf et al.,  Water Res. 1 (2017), 120, 77-87";"10.1016/j.watres.2017.04.057 ";"2017";"Figure S1";"BVT = 20900 EBCT: 6.9 DOC= 1,8 mg/L"
"literature";"pfoa";"dwac";"Drinking water treatment: granular activated carbon";90;"P. McCleaf et al.,  Water Res. 1 (2017), 120, 77-87";"10.1016/j.watres.2017.04.057 ";"2017";"Figure S1";"BVT = 5700 EBCT: 6.9 DOC= 1,8 mg/L"
"literature";"pfoa";"dwac";"Drinking water treatment: granular activated carbon";68;"P. McCleaf et al.,  Water Res. 1 (2017), 120, 77-87";"10.1016/j.watres.2017.04.057 ";"2017";"Figure S1";"BVT = 14500EBCT: 6.9 DOC= 1,8 mg/L"
"literature";"pfoa";"dwac";"Drinking water treatment: granular activated carbon";54;"P. McCleaf et al.,  Water Res. 1 (2017), 120, 77-87";"10.1016/j.watres.2017.04.057 ";"2017";"Figure S1";"BVT = 25700 EBCT: 6.9 DOC= 1,8 mg/L"
"literature";"pfoa";"dwac";"Drinking water treatment: granular activated carbon";49;"P. McCleaf et al.,  Water Res. 1 (2017), 120, 77-87";"10.1016/j.watres.2017.04.057 ";"2017";"Figure S1";"BVT = 30600 EBCT: 6.9 DOC= 1,8 mg/L "
"literature";"pfoa";"dwac";"Drinking water treatment: granular activated carbon";50;"P. McCleaf et al.,  Water Res. 1 (2017), 120, 77-87";"10.1016/j.watres.2017.04.057 ";"2017";"Figure S1";"BVT = 35300 EBCT: 6.9 DOC= 1,8 mg/L"
"literature";"pfoa";"dwac";"Drinking water treatment: granular activated carbon";48;"P. McCleaf et al.,  Water Res. 1 (2017), 120, 77-87";"10.1016/j.watres.2017.04.057 ";"2017";"Figure S1";"BVT = 40000 EBCT: 6.9 DOC= 1,8 mg/L"
"literature";"pfoa";"dwac";"Drinking water treatment: granular activated carbon";28;"P. McCleaf et al.,  Water Res. 1 (2017), 120, 77-87";"10.1016/j.watres.2017.04.057 ";"2017";"Figure S1";"BVT = 49700 EBCT: 6.9 DOC= 1,8 mg/L"
"literature";"pfoa";"dwac";"Drinking water treatment: granular activated carbon";64;"P. McCleaf et al.,  Water Res. 1 (2017), 120, 77-87";"10.1016/j.watres.2017.04.057 ";"2018";"Figure S2";"BVT = 49700 EBCT: 6.9 DOC= 1,8 mg/L"
"literature";"pfoa";"dwac";"Drinking water treatment: granular activated carbon";100;"V. Franke et al., CS EST Water 1(2021) 4, 782-795";"10.1021/acsestwater.0c00141";"2021";"Fig. 3a";"BVT = 900 EBCT = 5 min DOC = 3 mg/L Norit"
"literature";"pfoa";"dwac";"Drinking water treatment: granular activated carbon";94;"V. Franke et al., CS EST Water 1(2021) 4, 782-795";"10.1021/acsestwater.0c00141";"2021";"Fig. 3a";"BVT = 4400 EBCT = 5 min DOC = 3 mg/L Norit"
"literature";"pfoa";"dwac";"Drinking water treatment: granular activated carbon";70;"V. Franke et al., CS EST Water 1(2021) 4, 782-795";"10.1021/acsestwater.0c00141";"2021";"Fig. 3a";"BVT = 10000 EBCT = 5 min DOC = 3 mg/L Norit"
"literature";"pfoa";"dwac";"Drinking water treatment: granular activated carbon";67;"V. Franke et al., CS EST Water 1(2021) 4, 782-795";"10.1021/acsestwater.0c00141";"2021";"Fig. 3a";"BVT = 13800 EBCT = 5 min DOC = 3 mg/L Norit"
"literature";"pfoa";"dwac";"Drinking water treatment: granular activated carbon";53;"V. Franke et al., CS EST Water 1(2021) 4, 782-795";"10.1021/acsestwater.0c00141";"2021";"Fig. 3a";"BVT =19400 EBCT = 5 min DOC = 3 mg/L Norit"
"literature";"pfoa";"dwac";"Drinking water treatment: granular activated carbon";45;"V. Franke et al., CS EST Water 1(2021) 4, 782-795";"10.1021/acsestwater.0c00141";"2021";"Fig. 3a";"BVT = 27100 EBCT = 5 min DOC = 3 mg/L Norit"
"literature";"pfoa";"dwac";"Drinking water treatment: granular activated carbon";39;"V. Franke et al., CS EST Water 1(2021) 4, 782-795";"10.1021/acsestwater.0c00141";"2021";"Fig. 3a";"BVT = 33500 EBCT = 5 min DOC = 3 mg/L Norit"
"literature";"pfoa";"dwac";"Drinking water treatment: granular activated carbon";39;"V. Franke et al., CS EST Water 1(2021) 4, 782-795";"10.1021/acsestwater.0c00141";"2021";"Fig. 3a";"BVT = 44400 EBCT = 5 min DOC = 3 mg/L Norit"
"literature";"pfoa";"dwac";"Drinking water treatment: granular activated carbon";31;"V. Franke et al., CS EST Water 1(2021) 4, 782-795";"10.1021/acsestwater.0c00141";"2021";"Fig. 3a";"BVT = 47600 EBCT = 5 min DOC = 3 mg/L Norit"
"literature";"pfoa";"dwac";"Drinking water treatment: granular activated carbon";98;"V. Franke et al., CS EST Water 1(2021) 4, 782-795";"10.1021/acsestwater.0c00141";"2021";"Fig. 3a";"BVT = 6000 EBCT = 5 min DOC = 3 mg/L F400"
"literature";"pfoa";"dwac";"Drinking water treatment: granular activated carbon";84;"V. Franke et al., CS EST Water 1(2021) 4, 782-795";"10.1021/acsestwater.0c00141";"2021";"Fig. 3a";"BVT = 10800 EBCT = 5 min DOC = 3 mg/L F400"
"literature";"pfoa";"dwac";"Drinking water treatment: granular activated carbon";70;"V. Franke et al., CS EST Water 1(2021) 4, 782-795";"10.1021/acsestwater.0c00141";"2021";"Fig. 3a";"BVT = 14800 EBCT = 5 min DOC = 3 mg/L F400"
"literature";"pfoa";"dwac";"Drinking water treatment: granular activated carbon";63;"V. Franke et al., CS EST Water 1(2021) 4, 782-795";"10.1021/acsestwater.0c00141";"2021";"Fig. 3a";"BVT = 20200 EBCT = 5 min DOC = 3 mg/L F400"
"literature";"pfoa";"dwac";"Drinking water treatment: granular activated carbon";58;"V. Franke et al., CS EST Water 1(2021) 4, 782-795";"10.1021/acsestwater.0c00141";"2021";"Fig. 3a";"BVT = 27600 EBCT = 5 min DOC = 3 mg/L F400"
"literature";"pfoa";"dwac";"Drinking water treatment: granular activated carbon";58;"V. Franke et al., CS EST Water 1(2021) 4, 782-795";"10.1021/acsestwater.0c00141";"2021";"Fig. 3a";"BVT = 33800 EBCT = 5 min DOC = 3 mg/L F400"
"literature";"pfoa";"dwac";"Drinking water treatment: granular activated carbon";45;"V. Franke et al., CS EST Water 1(2021) 4, 782-795";"10.1021/acsestwater.0c00141";"2021";"Fig. 3a";"BVT = 44600 EBCT = 5 min DOC = 3 mg/L F400"
"literature";"pfoa";"dwac";"Drinking water treatment: granular activated carbon";93;"S. Crawford et al., Remediation. 32 (2022) 177-193";"10.1002/rem.21717";"2022";"Table 6";"Batch adsorption test_ GAC (Filtrasorb 400)"
"literature";"pfoa";"dwac";"Drinking water treatment: granular activated carbon";10;"S. Crawford et al., Remediation. 32 (2022) 177-193";"10.1002/rem.21717";"2022";"Table 6";"Batch adsorption test_ Natural aluminosilicate "
"literature";"pfoa";"dwac";"Drinking water treatment: granular activated carbon";23;"S. Crawford et al., Remediation. 32 (2022) 177-193";"10.1002/rem.21717";"2022";"Table 6";"Batch adsorption test_ Synthetic media"
"literature";"pfoa";"dwac";"Drinking water treatment: granular activated carbon";-2;"J. Borrull et al., Chemosphere 276 (2021) 130023";"10.1016/j.chemosphere.2021.130023";"2021";"Tables 2 and 3";"Evaluation of the removal efficiency of organic persistent pollutants in the Ampolla’s DWTP (Spain)"
"literature";"pfoa";"dwrf";"Drinking water treatment: rapid filtration";9;"K. Y. Kim et al., Journal of Hazardous Materials 400 (2020) 123235";"10.1016/j.jhazmat.2020.123235";"2020";"Fig.1";"Removal efficiencies for the separate treatment processes in DWTP 5 in Nakdong River Basin"
"literature";"pfoa";"dwac";"Drinking water treatment: granular activated carbon";5;"K. Y. Kim et al., Journal of Hazardous Materials 400 (2020) 123235";"10.1016/j.jhazmat.2020.123235";"2020";"Fig.1";"Removal efficiencies for the separate treatment processes in DWTP 5 in Nakdong River Basin"
"literature";"pfoa";"dwac";"Drinking water treatment: granular activated carbon";56;"B. K. Pramanik et al., Environ. Technol. 36 (2015), 20, 2610-7";"10.1080/09593330.2015.1040079 ";"2015";"Fig.3";"DOC 4.5 mg/L,pH =7.2,  EBCT =10 min"
"literature";"pfoa";"dwac";"Drinking water treatment: granular activated carbon";72;"B. K. Pramanik et al., Environ. Technol. 36 (2015), 20, 2610-7";"10.1080/09593330.2015.1040079 ";"2015";"Fig.3";"DOC 4.5 mg/L,pH =7.2,  EBCT =20 min"
"literature";"pfoa";"dwac";"Drinking water treatment: granular activated carbon";79;"B. K. Pramanik et al., Environ. Technol. 36 (2015), 20, 2610-7";"10.1080/09593330.2015.1040079 ";"2015";"Fig.3";"DOC 4.5 mg/L,pH =7.2,  EBCT =30 min"
"literature";"pfoa";"dwac";"Drinking water treatment: granular activated carbon";84;"B. K. Pramanik et al., Environ. Technol. 36 (2015), 20, 2610-7";"10.1080/09593330.2015.1040079 ";"2015";"Fig.3";"DOC 4.5 mg/L,pH =7.2,  EBCT =40 min"
"literature";"pfoa";"dwac";"Drinking water treatment: granular activated carbon";90;"B. K. Pramanik et al., Environ. Technol. 36 (2015), 20, 2610-7";"10.1080/09593330.2015.1040079 ";"2015";"Fig.3";"DOC 4.5 mg/L,pH =7.2,  EBCT =50 min"
"literature";"pfoa";"dwac";"Drinking water treatment: granular activated carbon";48;"T. D. Appleman et al., Water Res. 51(2014) 246-55";"10.1016/j.watres.2013.10.067 ";"2014";"Tab. 2";"EBCT = 13 min"
"literature";"pfoa";"dwac";"Drinking water treatment: granular activated carbon";92;"T. D. Appleman et al., Water Res. 51(2014) 246-55";"10.1016/j.watres.2013.10.067 ";"2014";"Tab. 2";"EBCT = 13 min"
"literature";"pfoa";"dwrf";"Drinking water treatment: rapid filtration";58;"S. Takagi et al., Chemosphere 72 (2008) 1409–1412";"10.1016/j.chemosphere.2008.05.034";"2008";"Tab. 3";"Perfluorooctane sulfonate and perfluorooctanoate in raw and treated tap water from Osaka, Japan_winter"
"literature";"pfoa";"dwrf";"Drinking water treatment: rapid filtration";15;"S. Takagi et al., Chemosphere 72 (2008) 1409–1412";"10.1016/j.chemosphere.2008.05.034";"2008";"Tab. 3";"Perfluorooctane sulfonate and perfluorooctanoate in raw and treated tap water from Osaka, Japan_winter"
"literature";"pfoa";"dwrf";"Drinking water treatment: rapid filtration";40;"S. Takagi et al., Chemosphere 72 (2008) 1409–1412";"10.1016/j.chemosphere.2008.05.034";"2008";"Tab. 3";"Perfluorooctane sulfonate and perfluorooctanoate in raw and treated tap water from Osaka, Japan_winter"
"literature";"pfoa";"dwrf";"Drinking water treatment: rapid filtration";31;"S. Takagi et al., Chemosphere 72 (2008) 1409–1412";"10.1016/j.chemosphere.2008.05.034";"2008";"Tab. 3";"Perfluorooctane sulfonate and perfluorooctanoate in raw and treated tap water from Osaka, Japan_winter"
"literature";"pfoa";"dwrf";"Drinking water treatment: rapid filtration";26;"S. Takagi et al., Chemosphere 72 (2008) 1409–1412";"10.1016/j.chemosphere.2008.05.034";"2008";"Tab. 3";"Perfluorooctane sulfonate and perfluorooctanoate in raw and treated tap water from Osaka, Japan_winter"
"literature";"pfoa";"dwrf";"Drinking water treatment: rapid filtration";23;"S. Takagi et al., Chemosphere 72 (2008) 1409–1412";"10.1016/j.chemosphere.2008.05.034";"2008";"Tab. 3";"Perfluorooctane sulfonate and perfluorooctanoate in raw and treated tap water from Osaka, Japan_winter"
"literature";"pfoa";"dwrf";"Drinking water treatment: rapid filtration";45;"S. Takagi et al., Chemosphere 72 (2008) 1409–1412";"10.1016/j.chemosphere.2008.05.034";"2008";"Tab. 3";"Perfluorooctane sulfonate and perfluorooctanoate in raw and treated tap water from Osaka, Japan_summer"
"literature";"pfoa";"dwrf";"Drinking water treatment: rapid filtration";18;"S. Takagi et al., Chemosphere 72 (2008) 1409–1412";"10.1016/j.chemosphere.2008.05.034";"2008";"Tab. 3";"Perfluorooctane sulfonate and perfluorooctanoate in raw and treated tap water from Osaka, Japan_summer"
"literature";"pfoa";"dwrf";"Drinking water treatment: rapid filtration";25;"S. Takagi et al., Chemosphere 72 (2008) 1409–1412";"10.1016/j.chemosphere.2008.05.034";"2008";"Tab. 3";"Perfluorooctane sulfonate and perfluorooctanoate in raw and treated tap water from Osaka, Japan_summer"
"literature";"pfoa";"dwrf";"Drinking water treatment: rapid filtration";31;"S. Takagi et al., Chemosphere 72 (2008) 1409–1412";"10.1016/j.chemosphere.2008.05.034";"2008";"Tab. 3";"Perfluorooctane sulfonate and perfluorooctanoate in raw and treated tap water from Osaka, Japan_summer"
"literature";"pfoa";"dwrf";"Drinking water treatment: rapid filtration";5;"S. Takagi et al., Chemosphere 72 (2008) 1409–1412";"10.1016/j.chemosphere.2008.05.034";"2008";"Tab. 3";"Perfluorooctane sulfonate and perfluorooctanoate in raw and treated tap water from Osaka, Japan_summer"
"literature";"pfoa";"dwrf";"Drinking water treatment: rapid filtration";2;"C. Flores et al., Science of The Total Environment 461–462 (2013) 618-626";"10.1016/j.scitotenv.2013.05.026";"2013";"Tab. 2";"Removal of PFOA and PFOS in the Llobregat River (N.E. Spain)"
"literature";"pfoa";"dwrf";"Drinking water treatment: rapid filtration";6;"C. Flores et al., Science of The Total Environment 461–462 (2013) 618-626";"10.1016/j.scitotenv.2013.05.026";"2013";"Tab. 2";"Removal of PFOA and PFOS in the Llobregat River (N.E. Spain)"
"literature";"pfoa";"dwac";"Drinking water treatment: granular activated carbon";45;"C. Flores et al., Science of The Total Environment 461–462 (2013) 618-626";"10.1016/j.scitotenv.2013.05.026";"2013";"Tab. 2";"Removal of PFOA and PFOS in the Llobregat River (N.E. Spain)"
"literature";"pfoa";"dwac";"Drinking water treatment: granular activated carbon";41;"C. Flores et al., Science of The Total Environment 461–462 (2013) 618-626";"10.1016/j.scitotenv.2013.05.026";"2013";"Tab. 2";"Removal of PFOA and PFOS in the Llobregat River (N.E. Spain)"
"literature";"pfoa";"wwtt";"Combination of primary and secondary wastewater treatment";5;"J. Thompson et al., Chemosphere 82 (2011) 9-17";"10.1016/j.chemosphere.2010.10.040";"2011";"Table 2 -derived";"2 WWTPs in South East Queensland Australia-plant a-October"
"literature";"pfoa";"wwco";"Tertiary wastewater treatment: coagulation and filtration";2;"J. Thompson et al., Chemosphere 82 (2011) 9-17";"10.1016/j.chemosphere.2010.10.040";"2011";"Table 2 -derived";"2 WWTPs in South East Queensland Australia-peroxone-plant a-October"
"literature";"pfoa";"dwac";"Drinking water treatment: granular activated carbon";90;"E. R. V. Dickenson and C. Higgings, Treatment Mitigation Strategies for Poly- and Perfluoroalkyl Substances";"Water Research Foundation. Web Report No. 4322.";"2016";"Table 3.3";"Removal assumed to be >90% (but no background DOC mentioned)"
"literature";"pfoa";"dwac";"Drinking water treatment: granular activated carbon";90;"E. R. V. Dickenson and C. Higgings, Treatment Mitigation Strategies for Poly- and Perfluoroalkyl Substances";"Water Research Foundation. Web Report No. 4322.";"2016";"Table 3.3";"Removal assumed to be >90% (but no background DOC mentioned)"
"literature";"pfoa";"dwac";"Drinking water treatment: granular activated carbon";5;"E. R. V. Dickenson and C. Higgings, Treatment Mitigation Strategies for Poly- and Perfluoroalkyl Substances";"Water Research Foundation. Web Report No. 4322.";"2016";"Table 3.3";"Removal between 0-10 %, no DOC mentioned"
"literature";"pfoa";"npbk";"Natural Process: Degradation in surface water (biotic and abiotic)";5;"E. R. V. Dickenson and C. Higgings, Treatment Mitigation Strategies for Poly- and Perfluoroalkyl Substances";"Water Research Foundation. Web Report No. 4322.";"2016";"Table 3.3";""
"literature";"pfoa";"dwae";"Drinking water treatment: aeration";5;"E. R. V. Dickenson and C. Higgings, Treatment Mitigation Strategies for Poly- and Perfluoroalkyl Substances";"Water Research Foundation. Web Report No. 4322.";"2016";"Table 3.3";""
"literature";"pfoa";"dwrf";"Drinking water treatment: rapid filtration";5;"E. R. V. Dickenson and C. Higgings, Treatment Mitigation Strategies for Poly- and Perfluoroalkyl Substances";"Water Research Foundation. Web Report No. 4322.";"2016";"Table 3.3";""
